year,SOC
1987,44.25008798
1994,48.30943255
1996,49.12276673
1999,50.16843104
2004,51.53190782
